{"name": "simple_pratt_rnn", "dir": "C:\\Users\\isuan\\Desktop\\Research\\training_runs\\mackeyglass\\simple_pratt_rnn", "gdir": "C:\\Users\\isuan\\Desktop\\Research\\training_runs\\mackeyglass\\simple_pratt_rnn\\gen_55", "chkpnt_dirs": {"loss": "C:\\Users\\isuan\\Desktop\\Research\\training_runs\\mackeyglass\\simple_pratt_rnn\\gen_55\\training\\checkpoints"}, "runtime": {"year": 23, "month": 9, "day": 5, "hour": 23, "min": 41, "sec": 30}, "gen": 55, "fit": {"verbose": 1, "epochs": 128, "steps": 64}, "loss": [1.561317801475525, 0.32386213541030884, 0.12171521782875061, 0.11859715729951859, 0.1034383699297905, 0.09045291692018509, 0.08148200809955597, 0.083871990442276, 0.07281318306922913, 0.07813801616430283, 0.06642720103263855, 0.07126183807849884, 0.05967831239104271, 0.06424376368522644, 0.052813686430454254, 0.06087438389658928, 0.055433690547943115, 0.05578979477286339, 0.05030011385679245, 0.04936770349740982, 0.043803680688142776, 0.04745608940720558, 0.04656744375824928, 0.04341666027903557, 0.041028942912817, 0.042999543249607086, 0.03767384961247444, 0.04028191789984703, 0.035105880349874496, 0.03648386150598526, 0.035463597625494, 0.03361557796597481, 0.032889556139707565, 0.030202699825167656, 0.031082317233085632, 0.029244229197502136, 0.02784339338541031, 0.027275636792182922, 0.028652964159846306, 0.024293310940265656, 0.023490844294428825, 0.023463282734155655, 0.023576615378260612, 0.020083965733647346, 0.019913677126169205, 0.021585214883089066, 0.01821686513721943, 0.017993364483118057, 0.016604991629719734, 0.015309321694076061, 0.015864266082644463, 0.013799444772303104, 0.014247417449951172, 0.012349186465144157, 0.013762337155640125, 0.01206655241549015, 0.010607247240841389, 0.011359380558133125, 0.009689610451459885, 0.010078229941427708, 0.0096996258944273, 0.009524703957140446, 0.008825370110571384, 0.009196223691105843, 0.009299268014729023, 0.00836466159671545, 0.008588187396526337, 0.008339561522006989, 0.008116441778838634, 0.007476674392819405, 0.008372118696570396, 0.008122344501316547, 0.007461502682417631, 0.007361062336713076, 0.007392317522317171, 0.00791263673454523, 0.007204254157841206, 0.006752579472959042, 0.007421182468533516, 0.006778023671358824, 0.00645488454028964, 0.006555923260748386, 0.006567445117980242, 0.0061727249994874, 0.006872182246297598, 0.006155103910714388, 0.006080097518861294, 0.005739530082792044, 0.006529872305691242, 0.0060857501812279224, 0.005481857340782881, 0.00496476236730814, 0.006047910079360008, 0.005392469931393862, 0.0052018663845956326, 0.005790345836430788, 0.005254139192402363, 0.005299428943544626, 0.00491334218531847, 0.0052784341387450695, 0.005258799064904451, 0.0049864547327160835, 0.005222572013735771, 0.004808065015822649, 0.00472635542973876, 0.005250769201666117, 0.004998343996703625, 0.005057687871158123, 0.00454755499958992, 0.004739657044410706, 0.00450864527374506, 0.004926638212054968, 0.004215748980641365, 0.004568129312247038, 0.004580694250762463, 0.004232742357999086, 0.004223372787237167, 0.004773945081979036, 0.004476793576031923, 0.004235172178596258, 0.004338002763688564, 0.004416442010551691, 0.0039052078500390053, 0.004306358750909567, 0.003754919860512018, 0.00423969142138958, 0.0042843325063586235, 0.00397411547601223], "mape": [66.03729248046875, 39.464786529541016, 37.361087799072266, 36.103187561035156, 34.859153747558594, 33.102294921875, 29.021358489990234, 31.391172409057617, 27.767545700073242, 31.988121032714844, 24.835424423217773, 30.530467987060547, 28.03373908996582, 28.716346740722656, 25.75404930114746, 29.069374084472656, 28.853713989257812, 27.09459686279297, 26.12190818786621, 21.617534637451172, 21.62598419189453, 23.147220611572266, 25.73615837097168, 24.710813522338867, 23.397789001464844, 24.211774826049805, 21.550817489624023, 22.58464813232422, 20.270061492919922, 21.426284790039062, 21.843036651611328, 20.89600944519043, 22.462352752685547, 19.951030731201172, 20.537405014038086, 18.561931610107422, 17.988183975219727, 19.056076049804688, 19.74390411376953, 18.3056640625, 17.718420028686523, 18.030853271484375, 16.273401260375977, 15.838330268859863, 16.234519958496094, 15.606369018554688, 14.932904243469238, 15.299612045288086, 13.832491874694824, 12.471073150634766, 13.787429809570312, 12.399866104125977, 13.555694580078125, 11.708130836486816, 12.900169372558594, 11.459335327148438, 10.125043869018555, 11.62440299987793, 11.115816116333008, 10.6261625289917, 10.086055755615234, 9.899665832519531, 10.159703254699707, 10.25286865234375, 10.743175506591797, 10.146475791931152, 9.836706161499023, 10.105782508850098, 9.513731956481934, 9.324658393859863, 9.955836296081543, 9.428781509399414, 8.817388534545898, 8.786844253540039, 8.432168960571289, 9.282206535339355, 9.236600875854492, 8.61632251739502, 9.278342247009277, 8.871981620788574, 8.597676277160645, 8.526671409606934, 8.530866622924805, 8.477995872497559, 8.600738525390625, 8.261744499206543, 7.701135635375977, 8.140782356262207, 8.223943710327148, 7.926532745361328, 7.868536472320557, 7.069644451141357, 8.276289939880371, 7.511805534362793, 7.248691558837891, 8.162542343139648, 7.238227844238281, 7.676406383514404, 7.600793838500977, 7.394667148590088, 7.768033504486084, 7.640491008758545, 7.368950366973877, 7.569472312927246, 7.210136413574219, 7.41759729385376, 7.488620758056641, 7.414900779724121, 7.036121368408203, 7.223580360412598, 6.829508304595947, 7.248507499694824, 6.871365070343018, 6.916402339935303, 7.274769306182861, 6.898789405822754, 6.593103408813477, 7.15805196762085, 7.099547386169434, 7.06364631652832, 7.160125255584717, 7.172508716583252, 6.476495265960693, 6.496789455413818, 6.019922733306885, 7.046623706817627, 6.471232891082764, 6.260230541229248],