{"name": "simple_pratt_rnn", "dir": "C:\\Users\\isuan\\Desktop\\Research\\training_runs\\mackeyglass\\simple_pratt_rnn", "gdir": "C:\\Users\\isuan\\Desktop\\Research\\training_runs\\mackeyglass\\simple_pratt_rnn\\gen_176", "chkpnt_dirs": {"loss": "C:\\Users\\isuan\\Desktop\\Research\\training_runs\\mackeyglass\\simple_pratt_rnn\\gen_176\\training\\checkpoints"}, "runtime": {"year": 23, "month": 9, "day": 6, "hour": 22, "min": 8, "sec": 27}, "gen": 176, "fit": {"verbose": 1, "epochs": 50, "steps": 50}, "loss": [0.2929907739162445, 0.14285464584827423, 0.11444521695375443, 0.09666106849908829, 0.08466077595949173, 0.07292257994413376, 0.06744340807199478, 0.06490258127450943, 0.057842180132865906, 0.05772597715258598, 0.04457579925656319, 0.04417692497372627, 0.04546536132693291, 0.045566167682409286, 0.030972687527537346, 0.042592864483594894, 0.03570900857448578, 0.0373806394636631, 0.03123652935028076, 0.03180571272969246, 0.028241924941539764, 0.034568458795547485, 0.02423677407205105, 0.03223562613129616, 0.02959131821990013, 0.025244461372494698, 0.02696688286960125, 0.028785912320017815, 0.025110365822911263, 0.024079618975520134, 0.022756073623895645, 0.02089674025774002, 0.02201833389699459, 0.019664056599140167, 0.021592093631625175, 0.020076485350728035, 0.01812470704317093, 0.01807054691016674, 0.020311906933784485, 0.01594000682234764, 0.014148672111332417, 0.01623162068426609, 0.01489086914807558, 0.01631072536110878, 0.01638566330075264, 0.01374525111168623, 0.01312953606247902, 0.014860795810818672, 0.013621960766613483, 0.01209290511906147], "mape": [58.841495513916016, 41.06991958618164, 34.24342346191406, 33.91312026977539, 31.187728881835938, 30.76548194885254, 29.082632064819336, 27.70792579650879, 26.473237991333008, 26.857152938842773, 23.496545791625977, 21.336719512939453, 22.517972946166992, 22.92055892944336, 18.50657844543457, 23.931720733642578, 20.185012817382812, 21.102313995361328, 19.415218353271484, 19.528539657592773, 17.52370262145996, 20.45758819580078, 15.616087913513184, 19.930463790893555, 19.26297950744629, 17.557388305664062, 17.67949676513672, 18.513164520263672, 17.69542694091797, 15.977636337280273, 15.852497100830078, 15.385580062866211, 15.319881439208984, 15.480789184570312, 15.764954566955566, 13.892017364501953, 14.920156478881836, 14.43630313873291, 16.105287551879883, 12.575082778930664, 12.125715255737305, 14.214591979980469, 12.688862800598145, 12.868769645690918, 14.17064094543457, 11.800186157226562, 12.349008560180664, 13.094590187072754, 13.152629852294922, 12.231730461120605], "pred_dir": "C:\\Users\\isuan\\Desktop\\Research\\training_runs\\mackeyglass\\simple_pratt_rnn\\gen_176\\results\\pred.npy", "eval_dir": "C:\\Users\\isuan\\Desktop\\Research\\training_runs\\mackeyglass\\simple_pratt_rnn\\gen_176\\results\\pred.npy"}