{"name": "simple_pratt_rnn", "dir": "C:\\Users\\isuan\\Desktop\\Research\\training_runs\\mackeyglass\\simple_pratt_rnn", "gdir": "C:\\Users\\isuan\\Desktop\\Research\\training_runs\\mackeyglass\\simple_pratt_rnn\\gen_32", "chkpnt_dirs": {"loss": "C:\\Users\\isuan\\Desktop\\Research\\training_runs\\mackeyglass\\simple_pratt_rnn\\gen_32\\training\\checkpoints"}, "runtime": {"year": 23, "month": 9, "day": 5, "hour": 22, "min": 28, "sec": 14}, "gen": 32, "fit": {"verbose": 1, "epochs": 100, "steps": 128}, "loss": [0.26561951637268066, 0.043605294078588486, 0.030323408544063568, 0.025711195543408394, 0.02198263630270958, 0.020283585414290428, 0.017459247261285782, 0.016232453286647797, 0.014200530014932156, 0.01339961402118206, 0.012264758348464966, 0.011330896988511086, 0.010416005738079548, 0.010372651740908623, 0.009623480960726738, 0.009175856597721577, 0.008548247627913952, 0.009036785922944546, 0.008032879792153835, 0.007939936593174934, 0.007478459272533655, 0.007055711932480335, 0.007375470362603664, 0.006719312630593777, 0.006423483602702618, 0.006385037675499916, 0.005766730289906263, 0.005820513237267733, 0.005595193710178137, 0.005284221842885017, 0.005160992965102196, 0.004925789311528206, 0.004926029592752457, 0.0048483083955943584, 0.004740493837743998, 0.00448542321100831, 0.0040742470882833, 0.004251289181411266, 0.004326587542891502, 0.004120066296309233, 0.004024410620331764, 0.003993353806436062, 0.003919418901205063, 0.0037907769437879324, 0.003715897910296917, 0.0035492267925292253, 0.0035043975804001093, 0.00335672777146101, 0.0034138744231313467, 0.0031547872349619865, 0.0032493986655026674, 0.003131059929728508, 0.0032589298207312822, 0.002989065134897828, 0.002943671541288495, 0.0029091862961649895, 0.003094431944191456, 0.0028456058353185654, 0.0028665000572800636, 0.0027853907085955143, 0.0027538356371223927, 0.0027320850640535355, 0.0027890801429748535, 0.0025885917712002993, 0.0026224972680211067, 0.0025664973072707653, 0.002645040862262249, 0.002497445559129119, 0.002503949450328946, 0.002488377969712019, 0.002513625891879201, 0.0024231583811342716, 0.0023610745556652546, 0.002486170269548893, 0.002385091967880726, 0.002293696627020836, 0.0021921158768236637, 0.002352491719648242, 0.0022514641750603914, 0.0021791874896734953, 0.0021476587280631065, 0.0022292127832770348, 0.0021766521967947483, 0.002126831328496337, 0.0021161690820008516, 0.0020602864678949118, 0.002123788930475712, 0.0021656807512044907, 0.0020704905036836863, 0.002040780847892165, 0.002143144840374589, 0.0020047463476657867, 0.0020228771027177572, 0.0019430426182225347, 0.0019510048441588879, 0.0019327274058014154, 0.0019138400675728917, 0.001926609082147479, 0.0019056657329201698, 0.00197491399012506], "mape": [52.5409049987793, 21.824783325195312, 18.600683212280273, 17.120891571044922, 16.15005111694336, 15.71719741821289, 14.017051696777344, 14.134539604187012, 13.638696670532227, 12.548027038574219, 12.571610450744629, 12.001004219055176, 11.388143539428711, 11.470248222351074, 11.054681777954102, 10.689750671386719, 10.001157760620117, 10.371550559997559, 9.936718940734863, 9.813061714172363, 9.585567474365234, 9.199112892150879, 9.310870170593262, 8.908126831054688, 8.832871437072754, 8.647255897521973, 7.669278621673584, 8.248804092407227, 8.278576850891113, 8.214007377624512, 7.710536956787109, 7.574740409851074, 7.829229831695557, 7.555562973022461, 7.224553108215332, 7.304769515991211, 6.969325542449951, 7.292375564575195, 6.76918888092041, 6.791889667510986, 7.05253791809082, 7.039059638977051, 6.813759803771973, 6.830577850341797, 6.495513916015625, 6.235272407531738, 6.348816394805908, 6.219760894775391, 6.294185161590576, 5.951747417449951, 6.190153121948242, 6.129744052886963, 6.0175886154174805, 5.989187717437744, 5.739588737487793, 5.873269081115723, 6.108006000518799, 5.968307971954346, 5.593947887420654, 5.658867835998535, 5.545414447784424, 5.649480819702148, 5.5443220138549805, 5.701749324798584, 5.472564220428467, 5.469286918640137, 5.5839924812316895, 5.417539596557617, 5.455575466156006, 5.427645206451416, 5.321319103240967, 5.206637382507324, 5.389127731323242, 5.235784530639648, 5.386274814605713, 5.305476188659668, 5.007762908935547, 5.269430160522461, 5.078858375549316, 4.995522975921631, 4.980714321136475, 4.957812309265137, 4.898663520812988, 4.783397674560547, 4.998727798461914, 4.84719705581665, 4.897116184234619, 5.019521236419678, 4.893775939941406, 4.953250885009766, 4.947188854217529, 4.808126926422119, 4.891807556152344, 4.832404613494873, 4.778250217437744, 4.758082389831543, 4.779969215393066, 4.653690814971924, 4.5001420974731445, 4.937402725219727], "pred_dir": "C:\\Users\\isuan\\Desktop\\Research\\training_runs\\mackeyglass\\simple_pratt_rnn\\gen_32\\results\\pred.npy", "eval_dir": "C:\\Users\\isuan\\Desktop\\Research\\training_runs\\mackeyglass\\simple_pratt_rnn\\gen_32\\results\\pred.npy"}