{"name": "simple_pratt_rnn", "dir": "C:\\Users\\isuan\\Desktop\\Research\\training_runs\\mackeyglass\\simple_pratt_rnn", "gdir": "C:\\Users\\isuan\\Desktop\\Research\\training_runs\\mackeyglass\\simple_pratt_rnn\\gen_1", "chkpnt_dirs": {"loss": "C:\\Users\\isuan\\Desktop\\Research\\training_runs\\mackeyglass\\simple_pratt_rnn\\gen_1\\training\\checkpoints"}, "runtime": {"year": 23, "month": 9, "day": 7, "hour": 10, "min": 54, "sec": 35}, "gen": 1, "fit": {"verbose": 1, "epochs": 100, "steps": 75}, "loss": [1.2003198862075806, 0.44066759943962097, 0.3540470600128174, 0.2766419053077698, 0.20889067649841309, 0.16570819914340973, 0.15232257544994354, 0.10794756561517715, 0.10128599405288696, 0.07988324016332626, 0.07740561664104462, 0.05685412138700485, 0.05557118356227875, 0.04987729340791702, 0.04396938905119896, 0.03447357937693596, 0.028333894908428192, 0.02824997715651989, 0.023777054622769356, 0.02333849109709263, 0.017804943025112152, 0.014561043120920658, 0.017118582502007484, 0.011942495591938496, 0.013692149892449379, 0.00981766078621149, 0.014044757932424545, 0.010508419014513493, 0.008952172473073006, 0.009468919597566128, 0.010776123031973839, 0.008591383695602417, 0.00746924988925457, 0.008475041948258877, 0.008263673633337021, 0.006558973807841539, 0.007293379865586758, 0.006065703928470612, 0.006877297069877386, 0.006375888362526894, 0.005847357679158449, 0.0055437590926885605, 0.004563306458294392, 0.005618739873170853, 0.0047072735615074635, 0.0049036224372684956, 0.005134501028805971, 0.004353262484073639, 0.004456688649952412, 0.0053977807983756065, 0.003951983992010355, 0.0036902620922774076, 0.004442897159606218, 0.004524813964962959, 0.0037708256859332323, 0.0041521089151501656, 0.0038681519217789173, 0.0036726559046655893, 0.0036826729774475098, 0.00408158591017127, 0.0035432851873338223, 0.003465831745415926, 0.0033300896175205708, 0.003531511640176177, 0.003671987447887659, 0.00313006853684783, 0.003394950879737735, 0.0031663349363952875, 0.0032424048986285925, 0.004098457749933004, 0.003366846824064851, 0.0028751601930707693, 0.0033320877701044083, 0.0031429165974259377, 0.003115239320322871, 0.003258294193074107, 0.0033600875176489353, 0.0029348423704504967, 0.003188930917531252, 0.003922564908862114, 0.0025957240723073483, 0.003583470592275262, 0.0034858002327382565, 0.0029280907474458218, 0.003287710715085268, 0.0030840900726616383, 0.0025807684287428856, 0.003103438299149275, 0.002709686756134033, 0.003298820462077856, 0.0023387433029711246, 0.0037065932992845774, 0.002498301910236478, 0.003393785795196891, 0.0024425513111054897, 0.002899598330259323, 0.0025325044989585876, 0.0030417449306696653, 0.002405818784609437, 0.0030290803406387568], "mape": [105.71222686767578, 73.25425720214844, 65.60868835449219, 60.396636962890625, 49.44900894165039, 48.529788970947266, 45.38454055786133, 34.519718170166016, 34.86244201660156, 32.46812057495117, 29.878690719604492, 25.35500144958496, 25.031816482543945, 24.536548614501953, 21.873828887939453, 18.675262451171875, 16.948684692382812, 18.903766632080078, 16.942562103271484, 16.35247230529785, 13.260140419006348, 12.016824722290039, 13.59887981414795, 11.387320518493652, 11.958736419677734, 10.152335166931152, 11.140700340270996, 10.09107494354248, 10.055992126464844, 9.615264892578125, 9.810866355895996, 9.365058898925781, 8.92109203338623, 8.220276832580566, 9.417524337768555, 8.284433364868164, 8.358906745910645, 7.8536248207092285, 7.9513468742370605, 7.68488883972168, 7.612954139709473, 7.390979766845703, 7.015578269958496, 7.075005531311035, 7.066709041595459, 7.38999080657959, 6.917294979095459, 6.852359771728516, 6.800463676452637, 7.214540481567383, 7.037682056427002, 6.184844970703125, 6.674216270446777, 6.848091125488281, 6.373257160186768, 6.605705261230469, 6.281298637390137, 6.0468854904174805, 6.176209926605225, 6.1967949867248535, 5.762372016906738, 6.158816814422607, 5.831092834472656, 6.072025299072266, 6.391535758972168, 5.404915809631348, 6.236247539520264, 5.82660436630249, 5.592036247253418, 5.645971298217773, 6.049049377441406, 5.406940937042236, 5.516639232635498, 5.803073883056641, 5.310610294342041, 5.752598285675049, 5.662062168121338, 5.468595027923584, 5.637396335601807, 5.748880386352539, 4.894957065582275, 5.271754264831543, 5.0579094886779785, 5.261877059936523, 5.5066986083984375, 5.761053562164307, 4.924333095550537, 5.744241714477539, 5.0271100997924805, 5.801291465759277, 4.932650566101074, 5.809153079986572, 4.642017364501953, 5.248020172119141, 5.071311950683594, 5.2408246994018555, 4.804947853088379, 5.355008125305176, 5.177689075469971, 5.387278079986572], "pred_dir": "C:\\Users\\isuan\\Desktop\\Research\\training_runs\\mackeyglass\\simple_pratt_rnn\\gen_1\\results\\pred.npy", "eval_dir": "C:\\Users\\isuan\\Desktop\\Research\\training_runs\\mackeyglass\\simple_pratt_rnn\\gen_1\\results\\pred.npy"}